-- MySQL dump 10.13  Distrib 8.0.32, for macos12.6 (x86_64)
--
-- Host: localhost    Database: RideShare
-- ------------------------------------------------------
-- Server version	8.0.32

/*!40101 SET @OLD_CHARACTER_SET_CLIENT=@@CHARACTER_SET_CLIENT */;
/*!40101 SET @OLD_CHARACTER_SET_RESULTS=@@CHARACTER_SET_RESULTS */;
/*!40101 SET @OLD_COLLATION_CONNECTION=@@COLLATION_CONNECTION */;
/*!50503 SET NAMES utf8mb4 */;
/*!40103 SET @OLD_TIME_ZONE=@@TIME_ZONE */;
/*!40103 SET TIME_ZONE='+00:00' */;
/*!40014 SET @OLD_UNIQUE_CHECKS=@@UNIQUE_CHECKS, UNIQUE_CHECKS=0 */;
/*!40014 SET @OLD_FOREIGN_KEY_CHECKS=@@FOREIGN_KEY_CHECKS, FOREIGN_KEY_CHECKS=0 */;
/*!40101 SET @OLD_SQL_MODE=@@SQL_MODE, SQL_MODE='NO_AUTO_VALUE_ON_ZERO' */;
/*!40111 SET @OLD_SQL_NOTES=@@SQL_NOTES, SQL_NOTES=0 */;

--
-- Table structure for table `driver`
--

DROP TABLE IF EXISTS `driver`;
/*!40101 SET @saved_cs_client     = @@character_set_client */;
/*!50503 SET character_set_client = utf8mb4 */;
CREATE TABLE `driver` (
  `driverID` int NOT NULL,
  `Rating` varchar(40) NOT NULL,
  `isActive` tinyint(1) NOT NULL,
  PRIMARY KEY (`driverID`)
) ENGINE=InnoDB DEFAULT CHARSET=utf8mb4 COLLATE=utf8mb4_0900_ai_ci;
/*!40101 SET character_set_client = @saved_cs_client */;

--
-- Dumping data for table `driver`
--

LOCK TABLES `driver` WRITE;
/*!40000 ALTER TABLE `driver` DISABLE KEYS */;
INSERT INTO `driver` VALUES (5,'4.1875',1),(6,'3',1),(55,'2.5',1),(66,'3',0),(515,'5',1),(934,'5',1);
/*!40000 ALTER TABLE `driver` ENABLE KEYS */;
UNLOCK TABLES;

--
-- Table structure for table `ride`
--

DROP TABLE IF EXISTS `ride`;
/*!40101 SET @saved_cs_client     = @@character_set_client */;
/*!50503 SET character_set_client = utf8mb4 */;
CREATE TABLE `ride` (
  `rideID` int NOT NULL,
  `driverID` int NOT NULL,
  `riderID` int NOT NULL,
  `pick_up` varchar(40) NOT NULL,
  `drop_off` varchar(40) NOT NULL,
  PRIMARY KEY (`rideID`),
  KEY `riderID` (`riderID`),
  KEY `driverID` (`driverID`),
  CONSTRAINT `ride_ibfk_1` FOREIGN KEY (`riderID`) REFERENCES `rider` (`riderID`),
  CONSTRAINT `ride_ibfk_2` FOREIGN KEY (`driverID`) REFERENCES `driver` (`driverID`)
) ENGINE=InnoDB DEFAULT CHARSET=utf8mb4 COLLATE=utf8mb4_0900_ai_ci;
/*!40101 SET character_set_client = @saved_cs_client */;

--
-- Dumping data for table `ride`
--

LOCK TABLES `ride` WRITE;
/*!40000 ALTER TABLE `ride` DISABLE KEYS */;
INSERT INTO `ride` VALUES (1,5,11,'chapman grand','chapman u'),(2,55,3,'home','party'),(3,6,22,'subway','qdoba'),(4,5,22,'sdlgjfndjg','ksjdbfkjsbg'),(5,5,2,'the k','pike'),(6,5,2,'philz','school');
/*!40000 ALTER TABLE `ride` ENABLE KEYS */;
UNLOCK TABLES;

--
-- Table structure for table `rider`
--

DROP TABLE IF EXISTS `rider`;
/*!40101 SET @saved_cs_client     = @@character_set_client */;
/*!50503 SET character_set_client = utf8mb4 */;
CREATE TABLE `rider` (
  `riderID` int NOT NULL,
  PRIMARY KEY (`riderID`)
) ENGINE=InnoDB DEFAULT CHARSET=utf8mb4 COLLATE=utf8mb4_0900_ai_ci;
/*!40101 SET character_set_client = @saved_cs_client */;

--
-- Dumping data for table `rider`
--

LOCK TABLES `rider` WRITE;
/*!40000 ALTER TABLE `rider` DISABLE KEYS */;
INSERT INTO `rider` VALUES (1),(2),(3),(11),(22),(33),(220),(588),(735),(863),(972);
/*!40000 ALTER TABLE `rider` ENABLE KEYS */;
UNLOCK TABLES;

--
-- Table structure for table `user`
--

DROP TABLE IF EXISTS `user`;
/*!40101 SET @saved_cs_client     = @@character_set_client */;
/*!50503 SET character_set_client = utf8mb4 */;
CREATE TABLE `user` (
  `userID` int NOT NULL,
  `userType` varchar(40) NOT NULL,
  PRIMARY KEY (`userID`)
) ENGINE=InnoDB DEFAULT CHARSET=utf8mb4 COLLATE=utf8mb4_0900_ai_ci;
/*!40101 SET character_set_client = @saved_cs_client */;

--
-- Dumping data for table `user`
--

LOCK TABLES `user` WRITE;
/*!40000 ALTER TABLE `user` DISABLE KEYS */;
INSERT INTO `user` VALUES (1,'Rider'),(2,'Rider'),(3,'Rider'),(5,'Driver'),(6,'Driver'),(11,'Rider'),(22,'Rider'),(33,'Rider'),(55,'Driver'),(66,'Driver'),(220,'Rider'),(515,'Driver'),(588,'Rider'),(735,'Rider'),(863,'Rider'),(934,'Driver'),(972,'Rider');
/*!40000 ALTER TABLE `user` ENABLE KEYS */;
UNLOCK TABLES;
/*!40103 SET TIME_ZONE=@OLD_TIME_ZONE */;

/*!40101 SET SQL_MODE=@OLD_SQL_MODE */;
/*!40014 SET FOREIGN_KEY_CHECKS=@OLD_FOREIGN_KEY_CHECKS */;
/*!40014 SET UNIQUE_CHECKS=@OLD_UNIQUE_CHECKS */;
/*!40101 SET CHARACTER_SET_CLIENT=@OLD_CHARACTER_SET_CLIENT */;
/*!40101 SET CHARACTER_SET_RESULTS=@OLD_CHARACTER_SET_RESULTS */;
/*!40101 SET COLLATION_CONNECTION=@OLD_COLLATION_CONNECTION */;
/*!40111 SET SQL_NOTES=@OLD_SQL_NOTES */;

-- Dump completed on 2023-04-06 20:08:52
